C000,Tester,test,test
C001,Alice,alice@example.com,password123
C002,Bob,bob@example.com,pass456
C003,Kahden,kahden@example.com,pass123
C004,Steve,steve@example.com,steve456
C006,Kyle,Kyle@example.com,Kyle579
C007,Lazo McCarroll,lazomccarroll@protonmail.com,lazo123
